{
  "band": "L2_LH+L2_HH+L3_LL",
  "window": 10,
  "offsets": {
    "2": -0.35885050572144683,
    "3": -0.2974284002385581,
    "4": -0.2817732408432203,
    "5": -0.2521243807108574,
    "6": -0.23419827304768737,
    "7": -0.21879240407812361,
    "8": -0.2021453786853582,
    "9": -0.18527796877619462,
    "10": -0.16911403980979078,
    "11": -0.15482673661685403,
    "12": -0.12455612961417661,
    "13": -0.10341145063395801,
    "14": -0.08736025161145133,
    "15": -0.06870367401511801,
    "16": -0.05234316511125181,
    "17": -0.03853844764591424,
    "18": -0.028400059235938857,
    "19": -0.026354442046428977,
    "20": -0.02334592401313426,
    "21": -0.0209209584113291,
    "22": -0.017098399588816954,
    "23": -0.01002779942260773,
    "24": -0.0007997480675311641,
    "25": 0.005002514999408902,
    "26": 0.01840451988493716,
    "27": 0.02308310797932328,
    "28": 0.02360547775958513,
    "29": 0.024951468459820464,
    "30": 0.0264365108484802
  }
}