{
  "band": "L2_LH+L2_HH+L3_LL",
  "window": 10,
  "offsets": {
    "2": -0.38647138654819724,
    "3": -0.37654781489557787,
    "4": -0.341506153781463,
    "5": -0.28050980924056745,
    "6": -0.2589389403397866,
    "7": -0.23983177819994478,
    "8": -0.22477525401967768,
    "9": -0.2003308414765242,
    "10": -0.17827731368035982,
    "11": -0.1395485464677798,
    "12": -0.09847893555615433,
    "13": -0.07292756519195198,
    "14": -0.05393980588793468,
    "15": -0.042296952221996253,
    "16": -0.03645154808337958,
    "17": -0.029427323961371876,
    "18": -0.02154217226748245,
    "19": -0.018688233229003787,
    "20": -0.015753702442145218,
    "21": -0.01072080275219811,
    "22": -0.0058599441529497975,
    "23": -0.0025996111562846813,
    "24": 0.001825722697957416,
    "25": 0.005533989502427006,
    "26": 0.009439924325028715,
    "27": 0.013787314994812089,
    "28": 0.017287561877108226,
    "29": 0.019820057416704367,
    "30": 0.020204828949443754
  }
}