{
  "band": "L2_LH+L2_HH+L3_LL",
  "window": 10,
  "offsets": {
    "2": -0.09122109221135688,
    "3": -0.08821669826123202,
    "4": -0.07790578313321883,
    "5": -0.06725037085196395,
    "6": -0.05876999348640605,
    "7": -0.05242926602114406,
    "8": -0.05567520448332186,
    "9": -0.061368101571429134,
    "10": -0.058791657100158434,
    "11": -0.0684292906210286,
    "12": -0.06014380745924666,
    "13": -0.04759947953795779,
    "14": -0.041422844548561516,
    "15": -0.03441898773303745,
    "16": -0.029487894587339886,
    "17": -0.02351074562978575,
    "18": -0.01944681977685883,
    "19": -0.016775700062870713,
    "20": -0.015775016897768113,
    "21": -0.014579934467224581,
    "22": -0.014305030548932895,
    "23": -0.014853059228825974,
    "24": -0.015501971650075372,
    "25": -0.01604667094596103,
    "26": -0.01639889462853937,
    "27": -0.016397559671162132,
    "28": -0.01732864935733086,
    "29": -0.0183719836407754,
    "30": -0.018996343958065876
  }
}