{
  "band": "L2_LH+L2_HH+L3_LL",
  "window": 10,
  "offsets": {
    "2": -0.0897899988782741,
    "3": -0.04896332739968884,
    "4": -0.03635478363236633,
    "5": -0.02457045965724869,
    "6": -0.010967777228481801,
    "7": -0.001023565732974907,
    "8": 0.0038863788092317886,
    "9": 0.005027316583624458,
    "10": 0.007249116492813262,
    "11": 0.023452027024130212,
    "12": 0.026027367575506777,
    "13": 0.016985799607775354,
    "14": 0.009830796726902333,
    "15": 0.008533532606869537,
    "16": 0.007971043908436004,
    "17": 0.008534529355209902,
    "18": 0.006555882083681505,
    "19": 0.005946197343039278,
    "20": 0.005812974981344199,
    "21": 0.005958241156704222,
    "22": 0.005663470014209054,
    "23": 0.00685913637927308,
    "24": 0.005256278812575461,
    "25": 0.0034175132976138334,
    "26": 0.0028997912011889393,
    "27": 0.0021661751167845397,
    "28": 0.0013303539503886214,
    "29": 0.00028936965442967477,
    "30": -0.00046529717287305955
  }
}