{
  "band": "L2_LH+L3_HH",
  "window": 10,
  "vae": "FLUX.2-small",
  "offsets": {
    "2": -0.193388,
    "3": -0.128159,
    "4": -0.101747,
    "5": -0.093503,
    "6": -0.091118,
    "7": -0.090134,
    "8": -0.089275,
    "9": -0.088196,
    "10": -0.085917,
    "11": -0.076654,
    "12": -0.066148,
    "13": -0.062432,
    "14": -0.058819,
    "15": -0.055805,
    "16": -0.050317,
    "17": -0.042168,
    "18": -0.034439,
    "19": -0.030817,
    "20": -0.026099,
    "21": -0.022345,
    "22": -0.018181,
    "23": -0.013158,
    "24": -0.008214,
    "25": -0.003875,
    "26": 0.001459,
    "27": 0.003545,
    "28": 0.004259,
    "29": 0.005346,
    "30": 0.007877
  }
}