{
  "band": "L2_LH+L3_HH",
  "window": 10,
  "vae": "Wan2.2",
  "offsets": {
    "2": -0.60462,
    "3": -0.443558,
    "4": -0.357808,
    "5": -0.343557,
    "6": -0.303563,
    "7": -0.245056,
    "8": -0.124683,
    "9": -0.139375,
    "10": -0.116488,
    "11": -0.052051,
    "12": -0.019177,
    "13": 0.000884,
    "14": -0.098722,
    "15": -0.079108,
    "16": -0.03029,
    "17": -0.020543,
    "18": -0.012738,
    "19": -0.007989,
    "20": -0.004734,
    "21": -0.003198,
    "22": -0.007838,
    "23": -0.015742,
    "24": -0.020337,
    "25": -0.022127,
    "26": -0.02035,
    "27": -0.01729,
    "28": -0.014442,
    "29": -0.013143,
    "30": -0.012762
  }
}