{
  "band": "L2_LH+L2_HH+L3_LL",
  "window": 10,
  "method": "pooled_kde_per_deployment",
  "per_vae": {
    "FLUX.2-dev (i2i)": {
      "2": -0.386471,
      "3": -0.376548,
      "4": -0.341506,
      "5": -0.28051,
      "6": -0.258939,
      "7": -0.239832,
      "8": -0.224775,
      "9": -0.200331,
      "10": -0.178277,
      "11": -0.139549,
      "12": -0.098479,
      "13": -0.072928,
      "14": -0.05394,
      "15": -0.042297,
      "16": -0.036452,
      "17": -0.029427,
      "18": -0.021542,
      "19": -0.018688,
      "20": -0.015754,
      "21": -0.010721,
      "22": -0.00586,
      "23": -0.0026,
      "24": 0.001826,
      "25": 0.005534,
      "26": 0.00944,
      "27": 0.013787,
      "28": 0.017288,
      "29": 0.01982,
      "30": 0.020205
    },
    "FLUX.2-dev (t2i)": {
      "2": -0.358851,
      "3": -0.297428,
      "4": -0.281773,
      "5": -0.252124,
      "6": -0.234198,
      "7": -0.218792,
      "8": -0.202145,
      "9": -0.185278,
      "10": -0.169114,
      "11": -0.154827,
      "12": -0.124556,
      "13": -0.103411,
      "14": -0.08736,
      "15": -0.068704,
      "16": -0.052343,
      "17": -0.038538,
      "18": -0.0284,
      "19": -0.026354,
      "20": -0.023346,
      "21": -0.020921,
      "22": -0.017098,
      "23": -0.010028,
      "24": -0.0008,
      "25": 0.005003,
      "26": 0.018405,
      "27": 0.023083,
      "28": 0.023605,
      "29": 0.024951,
      "30": 0.026437
    },
    "SDXL (t2i)": {
      "2": -0.110727,
      "3": -0.075206,
      "4": -0.052165,
      "5": -0.044398,
      "6": -0.034111,
      "7": -0.022069,
      "8": -0.013809,
      "9": -0.008562,
      "10": -0.006005,
      "11": 0.004967,
      "12": 0.01416,
      "13": 0.011039,
      "14": 0.00696,
      "15": 0.006293,
      "16": 0.005942,
      "17": 0.005777,
      "18": 0.003429,
      "19": 0.003073,
      "20": 0.003011,
      "21": 0.003519,
      "22": 0.004035,
      "23": 0.004223,
      "24": 0.003342,
      "25": 0.002721,
      "26": 0.002633,
      "27": 0.001701,
      "28": 0.001118,
      "29": -0.000501,
      "30": -0.001426
    },
    "Wan2.2 (t2v)": {
      "2": -0.375811,
      "3": -0.285511,
      "4": -0.167611,
      "5": -0.128565,
      "6": -0.110331,
      "7": -0.09959,
      "8": -0.090345,
      "9": -0.080055,
      "10": -0.071743,
      "11": -0.119064,
      "12": -0.101379,
      "13": -0.086585,
      "14": -0.074279,
      "15": -0.064185,
      "16": -0.055063,
      "17": -0.046953,
      "18": -0.041945,
      "19": -0.038429,
      "20": -0.037272,
      "21": -0.044741,
      "22": -0.050443,
      "23": -0.053769,
      "24": -0.055416,
      "25": -0.05549,
      "26": -0.054238,
      "27": -0.052146,
      "28": -0.04945,
      "29": -0.046658,
      "30": -0.044241
    },
    "Wan2.2 (i2v)": {
      "2": -0.689491,
      "3": -0.613049,
      "4": -0.57828,
      "5": -0.538605,
      "6": -0.50033,
      "7": -0.465609,
      "8": -0.434877,
      "9": -0.406577,
      "10": -0.380285,
      "11": -0.323832,
      "12": -0.274934,
      "13": -0.238534,
      "14": -0.209703,
      "15": -0.186179,
      "16": -0.166317,
      "17": -0.149792,
      "18": -0.135528,
      "19": -0.123264,
      "20": -0.112627,
      "21": -0.103448,
      "22": -0.095312,
      "23": -0.088207,
      "24": -0.081844,
      "25": -0.076442,
      "26": -0.071551,
      "27": -0.067449,
      "28": -0.063977,
      "29": -0.060769,
      "30": -0.058094
    },
    "FLUX.1-dev (t2i)": {
      "2": -0.085317,
      "3": -0.085856,
      "4": -0.079741,
      "5": -0.071046,
      "6": -0.06305,
      "7": -0.067157,
      "8": -0.067452,
      "9": -0.064156,
      "10": -0.059594,
      "11": -0.053928,
      "12": -0.052997,
      "13": -0.042212,
      "14": -0.035726,
      "15": -0.029039,
      "16": -0.026299,
      "17": -0.024295,
      "18": -0.022279,
      "19": -0.021233,
      "20": -0.021609,
      "21": -0.019557,
      "22": -0.018736,
      "23": -0.01777,
      "24": -0.018135,
      "25": -0.018912,
      "26": -0.018421,
      "27": -0.017729,
      "28": -0.017754,
      "29": -0.018097,
      "30": -0.017967
    },
    "SD1.5 (t2i)": {
      "2": 0.199195,
      "3": 0.171981,
      "4": 0.144035,
      "5": 0.142361,
      "6": 0.126444,
      "7": 0.115192,
      "8": 0.104321,
      "9": 0.106758,
      "10": 0.097261,
      "11": 0.084315,
      "12": 0.069356,
      "13": 0.059117,
      "14": 0.07616,
      "15": 0.050883,
      "16": 0.067918,
      "17": 0.067089,
      "18": 0.071128,
      "19": 0.067557,
      "20": 0.065562,
      "21": 0.0579,
      "22": 0.030281,
      "23": 0.02593,
      "24": 0.022791,
      "25": 0.019873,
      "26": 0.017321,
      "27": 0.01614,
      "28": 0.014903,
      "29": 0.014002,
      "30": 0.013264
    }
  },
  "source": {
    "FLUX.2-dev (i2i)": {
      "stems": [
        "final_result\\slope_sign_detector\\ffhq_png_db38_charbonnier_s30_lr03"
      ],
      "real_n": 500,
      "synth_n": 500
    },
    "FLUX.2-dev (t2i)": {
      "stems": [
        "final_result\\slope_sign_detector\\f2s_png_db38_charbonnier_s30_lr03"
      ],
      "real_n": 500,
      "synth_n": 500
    },
    "SDXL (t2i)": {
      "stems": [
        "final_result\\slope_sign_detector\\sdxl_png_db38_charbonnier_s30_lr01",
        "final_result\\slope_sign_detector\\sdxl-genimage_png_db38_charbonnier_s30_lr03"
      ],
      "real_n": 1000,
      "synth_n": 1000
    },
    "Wan2.2 (t2v)": {
      "stems": [
        "final_result\\slope_sign_detector\\wan_db38_charbonnier_s30_lr01"
      ],
      "real_n": 175,
      "synth_n": 175
    },
    "Wan2.2 (i2v)": {
      "stems": [
        "final_result\\slope_sign_detector\\wan_i2v_smile500_db38_charbonnier_s30_lr01"
      ],
      "real_n": 300,
      "synth_n": 300
    },
    "FLUX.1-dev (t2i)": {
      "stems": [
        "results\\flux1_1800_db38_charbonnier_s30_lr01"
      ],
      "real_n": 1800,
      "synth_n": 1800
    },
    "SD1.5 (t2i)": {
      "stems": [
        "final_result\\slope_sign_detector\\sd15_db38_charbonnier_s30_lr01"
      ],
      "real_n": 500,
      "synth_n": 500
    }
  }
}
