{
  "band": "L2_LH",
  "window": 10,
  "offsets": {
    "2": -0.029394580069836307,
    "3": -0.007747928506176283,
    "4": 0.008657061008115363,
    "5": 0.01946775134858353,
    "6": 0.024152215346549433,
    "7": 0.02904633912860688,
    "8": 0.03396174430334392,
    "9": 0.03806258857591566,
    "10": 0.040386358030501834,
    "11": 0.04612040675220069,
    "12": 0.04644963511933031,
    "13": 0.0471922956887193,
    "14": 0.0381438771532784,
    "15": 0.03535815935306415,
    "16": 0.03505025190951194,
    "17": 0.034225135336724624,
    "18": 0.03268621313784094,
    "19": 0.02920845574276182,
    "20": 0.028752082629195153,
    "21": 0.027893705210262257,
    "22": 0.02615623426164354,
    "23": 0.025451357022565735,
    "24": 0.02465153000667232,
    "25": 0.0238508155057068,
    "26": 0.022171727666590174,
    "27": 0.019556116935773575,
    "28": 0.016915828003778097,
    "29": 0.015882248207285468,
    "30": 0.015486469502652145
  }
}