{
  "band": "L2_LH+L3_HH",
  "window": 10,
  "vae": "SDXL",
  "offsets": {
    "2": -0.093049,
    "3": -0.054871,
    "4": -0.032121,
    "5": -0.017444,
    "6": -0.006293,
    "7": 0.000882,
    "8": 0.007955,
    "9": 0.012746,
    "10": 0.015377,
    "11": 0.040404,
    "12": 0.030711,
    "13": 0.033019,
    "14": 0.034305,
    "15": 0.035649,
    "16": 0.035383,
    "17": 0.03411,
    "18": 0.032022,
    "19": 0.030226,
    "20": 0.027934,
    "21": 0.025367,
    "22": 0.023174,
    "23": 0.021238,
    "24": 0.019782,
    "25": 0.018779,
    "26": 0.017966,
    "27": 0.015848,
    "28": 0.014294,
    "29": 0.012772,
    "30": 0.011864
  }
}