{
  "band": "L2_LH+L3_HH",
  "window": 10,
  "method": "pooled_kde_over_vae_tasks",
  "source": {
    "FLUX.1-dev": {
      "real_n": 975,
      "synth_n": 975,
      "real_csv": "results/flux1_1800_db38_charbonnier_s30_lr01_real.csv",
      "synth_csv": "results/flux1_1800_db38_charbonnier_s30_lr01_synth.csv",
      "offset_json": "results/flux1-dev_L2_LH_L3_HH_offsets.json"
    }
  },
  "per_vae": {
    "FLUX.1-dev": {
      "2": -0.228199,
      "3": -0.24069,
      "4": -0.227212,
      "5": -0.210117,
      "6": -0.190024,
      "7": -0.174982,
      "8": -0.159797,
      "9": -0.147016,
      "10": -0.137902,
      "11": -0.116774,
      "12": -0.106568,
      "13": -0.089984,
      "14": -0.074873,
      "15": -0.072339,
      "16": -0.05743,
      "17": -0.05475,
      "18": -0.050013,
      "19": -0.04583,
      "20": -0.043267,
      "21": -0.041073,
      "22": -0.038946,
      "23": -0.037273,
      "24": -0.035609,
      "25": -0.034026,
      "26": -0.032217,
      "27": -0.030475,
      "28": -0.029317,
      "29": -0.02884,
      "30": -0.028265
    },
    "SDXL": {
      "2": -0.094812,
      "3": -0.059596,
      "4": -0.037553,
      "5": -0.020575,
      "6": -0.009151,
      "7": -0.001598,
      "8": 0.006445,
      "9": 0.01165,
      "10": 0.013658,
      "11": 0.038605,
      "12": 0.03142,
      "13": 0.026798,
      "14": 0.026497,
      "15": 0.033462,
      "16": 0.033573,
      "17": 0.032257,
      "18": 0.030653,
      "19": 0.029075,
      "20": 0.026134,
      "21": 0.02319,
      "22": 0.021134,
      "23": 0.019716,
      "24": 0.018688,
      "25": 0.01805,
      "26": 0.017665,
      "27": 0.015813,
      "28": 0.01404,
      "29": 0.012516,
      "30": 0.011679
    },
    "Wan2.2": {
      "2": -0.606814,
      "3": -0.497929,
      "4": -0.436772,
      "5": -0.398972,
      "6": -0.375265,
      "7": -0.358533,
      "8": -0.343258,
      "9": -0.327584,
      "10": -0.313191,
      "11": -0.282184,
      "12": -0.244033,
      "13": -0.209901,
      "14": -0.180273,
      "15": -0.15484,
      "16": -0.134177,
      "17": -0.116972,
      "18": -0.102812,
      "19": -0.091084,
      "20": -0.080729,
      "21": -0.071927,
      "22": -0.064429,
      "23": -0.05769,
      "24": -0.052907,
      "25": -0.048331,
      "26": -0.044659,
      "27": -0.041084,
      "28": -0.037866,
      "29": -0.03503,
      "30": -0.033053
    },
    "SD1.5": {
      "2": 0.266928,
      "3": 0.223761,
      "4": 0.22559,
      "5": 0.176616,
      "6": 0.177526,
      "7": 0.148957,
      "8": 0.126862,
      "9": 0.110296,
      "10": 0.09902,
      "11": 0.105021,
      "12": 0.083471,
      "13": 0.075179,
      "14": 0.062927,
      "15": 0.058572,
      "16": 0.056032,
      "17": 0.05414,
      "18": 0.053812,
      "19": 0.05657,
      "20": 0.062865,
      "21": 0.086552,
      "22": 0.083193,
      "23": 0.080751,
      "24": 0.07747,
      "25": 0.033784,
      "26": 0.03177,
      "27": 0.029345,
      "28": 0.027459,
      "29": 0.052044,
      "30": 0.048895
    },
    "FLUX.2-dev": {
      "2": -0.147939,
      "3": -0.132427,
      "4": -0.102658,
      "5": -0.095723,
      "6": -0.091471,
      "7": -0.090435,
      "8": -0.090818,
      "9": -0.089712,
      "10": -0.087315,
      "11": -0.075437,
      "12": -0.068395,
      "13": -0.065967,
      "14": -0.063861,
      "15": -0.058597,
      "16": -0.052448,
      "17": -0.043376,
      "18": -0.033832,
      "19": -0.030273,
      "20": -0.026461,
      "21": -0.022215,
      "22": -0.017746,
      "23": -0.012538,
      "24": -0.007876,
      "25": -0.003473,
      "26": 0.001957,
      "27": 0.003877,
      "28": 0.004312,
      "29": 0.005305,
      "30": 0.008513
    }
  }
}