{
  "band": "L2_LH",
  "window": 10,
  "offsets": {
    "2": -0.15555362124938665,
    "3": -0.06175611277812654,
    "4": -0.01393518331656729,
    "5": 0.0035503431098501403,
    "6": 0.0005203356641296786,
    "7": -0.0071801373914330835,
    "8": -0.014092363857188261,
    "9": -0.01898160969395335,
    "10": -0.023021024593503747,
    "11": -0.030096816488591027,
    "12": -0.0314207131543468,
    "13": -0.028628097672760755,
    "14": -0.028609303827338173,
    "15": -0.026348283135642248,
    "16": -0.019527987076661646,
    "17": -0.010968771296336666,
    "18": -0.003956771363082312,
    "19": 0.0018258727362717442,
    "20": -0.0020725691349463837,
    "21": -0.0007652765180630738,
    "22": 0.0015021045039666503,
    "23": 0.008702481351006208,
    "24": 0.01451410711543924,
    "25": 0.013310978948855329,
    "26": 0.012873174988314917,
    "27": 0.017878211941072947,
    "28": 0.02466747780284151,
    "29": 0.034033807450071174,
    "30": 0.03562737912980718
  }
}