{
  "band": "L2_LH+L3_HH",
  "window": 10,
  "vae": "SD1.5",
  "offsets": {
    "2": 0.266928,
    "3": 0.223761,
    "4": 0.22559,
    "5": 0.176616,
    "6": 0.177526,
    "7": 0.148957,
    "8": 0.126862,
    "9": 0.110296,
    "10": 0.09902,
    "11": 0.105021,
    "12": 0.083471,
    "13": 0.075179,
    "14": 0.062927,
    "15": 0.058572,
    "16": 0.056032,
    "17": 0.05414,
    "18": 0.053812,
    "19": 0.05657,
    "20": 0.062865,
    "21": 0.086552,
    "22": 0.083193,
    "23": 0.080751,
    "24": 0.07747,
    "25": 0.033784,
    "26": 0.03177,
    "27": 0.029345,
    "28": 0.027459,
    "29": 0.052044,
    "30": 0.048895
  }
}