{
  "band": "L2_LH",
  "window": 10,
  "offsets": {
    "2": 0.2893360268820278,
    "3": 0.2553164928981492,
    "4": 0.2367981211750409,
    "5": 0.20745500174804296,
    "6": 0.1864395572832244,
    "7": 0.20842816993580934,
    "8": 0.1912012009847605,
    "9": 0.17578479915682882,
    "10": 0.16192006476422663,
    "11": 0.12789800886338415,
    "12": 0.10497419112016396,
    "13": 0.1255349569617719,
    "14": 0.10999070525826038,
    "15": 0.09908839179150594,
    "16": 0.07222457350962488,
    "17": 0.06581572278440553,
    "18": 0.07751568999872294,
    "19": 0.05959097159556338,
    "20": 0.0591935980660179,
    "21": 0.0698331187337168,
    "22": 0.0586863883738568,
    "23": 0.0589100882589858,
    "24": 0.0578167230155226,
    "25": 0.05636186730924548,
    "26": 0.053369622053441805,
    "27": 0.0503185132087146,
    "28": 0.04677723059248522,
    "29": 0.04308516955126535,
    "30": 0.039793426249982895
  }
}