{
  "band": "L2_LH",
  "window": 10,
  "offsets": {
    "2": -0.3684631678910649,
    "3": -0.2671473056543995,
    "4": -0.19066992506613956,
    "5": -0.17861163005707492,
    "6": -0.06946463043659823,
    "7": -0.06344469041170764,
    "8": -0.06262385510375335,
    "9": -0.050458609545196986,
    "10": -0.03513581620397277,
    "11": 0.008016120974595697,
    "12": 0.029519045421953993,
    "13": -0.06109142002194462,
    "14": -0.05952594431674568,
    "15": -0.04468474843975978,
    "16": 0.001029710258167893,
    "17": 0.008730958415897189,
    "18": 0.014532106375098108,
    "19": 0.01728881054023801,
    "20": 0.01837097058395734,
    "21": 0.01797806213160233,
    "22": 0.01702859354953898,
    "23": 0.010941857370869806,
    "24": 0.00485524782302707,
    "25": 0.0007483631701655225,
    "26": -0.0013844023982328424,
    "27": -0.002570297449839734,
    "28": -0.002768956780342932,
    "29": -0.0028416237861784988,
    "30": -0.002276642091741915
  }
}