{
  "band": "L2_LH",
  "window": 10,
  "offsets": {
    "2": -0.2276417984486695,
    "3": -0.225996095300804,
    "4": -0.20076103814913415,
    "5": -0.17924999179275736,
    "6": -0.16133371791517848,
    "7": -0.14452401173579,
    "8": -0.1291776715659032,
    "9": -0.11788744977035331,
    "10": -0.10882318776400807,
    "11": -0.08299195405299109,
    "12": -0.08316841811879927,
    "13": -0.05943720229487348,
    "14": -0.04871323662953253,
    "15": -0.040277001827126235,
    "16": -0.03152002219113076,
    "17": -0.026344185578293933,
    "18": -0.02479501535401077,
    "19": -0.025101016197703163,
    "20": -0.02323635976073407,
    "21": -0.023490783609213167,
    "22": -0.02170813386462353,
    "23": -0.016598669480380496,
    "24": -0.01538707686895624,
    "25": -0.01596369477560647,
    "26": -0.016023805770463445,
    "27": -0.01531339876127609,
    "28": -0.01466039173670819,
    "29": -0.014219867634771635,
    "30": -0.014511984611255371
  }
}