{
  "band": "L2_LH",
  "window": 10,
  "offsets": {
    "2": 0.012762085338998808,
    "3": 0.026802700431487136,
    "4": 0.03451044836912326,
    "5": 0.03741378527650813,
    "6": 0.041946688972264445,
    "7": 0.04734943261194818,
    "8": 0.05113562272336836,
    "9": 0.051539072226421206,
    "10": 0.05301230426146464,
    "11": 0.04926860225778948,
    "12": 0.04752352249912917,
    "13": 0.05254385329791614,
    "14": 0.04383672304730232,
    "15": 0.0413684116447571,
    "16": 0.04037940101525557,
    "17": 0.03960282888148742,
    "18": 0.041503665074168375,
    "19": 0.03911469344203035,
    "20": 0.03616629957748106,
    "21": 0.0339466145086782,
    "22": 0.03230671832930425,
    "23": 0.03059556412596799,
    "24": 0.02743875583874695,
    "25": 0.023857750108151485,
    "26": 0.021585424852134043,
    "27": 0.020481722237617718,
    "28": 0.01883131087444137,
    "29": 0.017452942967512097,
    "30": 0.01655086046009479
  }
}