{
  "band": "L2_LH",
  "window": 10,
  "offsets": {
    "2": -0.02738741342411788,
    "3": 0.010231420119993229,
    "4": 0.01990728138690845,
    "5": 0.021105973310382886,
    "6": 0.021001534576263414,
    "7": 0.01800057671144406,
    "8": 0.013834567035662937,
    "9": 0.010333552844598914,
    "10": 0.007077403101459601,
    "11": 0.004016932931368011,
    "12": 0.007078717138369328,
    "13": 0.008226497395042054,
    "14": 0.00822438342497156,
    "15": 0.006388330142795329,
    "16": 0.002863010454600412,
    "17": 0.0021318778978088315,
    "18": 0.002933464565183841,
    "19": 0.0019964233286386968,
    "20": 0.002238593288954066,
    "21": 0.008724904923302274,
    "22": 0.011556189649269022,
    "23": 0.010037509302150804,
    "24": 0.011064633604672497,
    "25": 0.01005949298303127,
    "26": 0.01370694288148433,
    "27": 0.019327961393846516,
    "28": 0.020972641511415785,
    "29": 0.018748969590007797,
    "30": 0.014847208042148341
  }
}