{
  "band": "L2_LH+L3_HH",
  "window": 10,
  "vae": "FLUX.1-dev",
  "offsets": {
    "2": -0.219769,
    "3": -0.235086,
    "4": -0.22467,
    "5": -0.207272,
    "6": -0.192148,
    "7": -0.176422,
    "8": -0.162362,
    "9": -0.149624,
    "10": -0.138745,
    "11": -0.117266,
    "12": -0.097592,
    "13": -0.084982,
    "14": -0.071379,
    "15": -0.061379,
    "16": -0.054375,
    "17": -0.052795,
    "18": -0.050668,
    "19": -0.046899,
    "20": -0.04372,
    "21": -0.040931,
    "22": -0.038257,
    "23": -0.036189,
    "24": -0.035045,
    "25": -0.033909,
    "26": -0.033261,
    "27": -0.032478,
    "28": -0.03188,
    "29": -0.031085,
    "30": -0.030924
  }
}