{
  "band": "L2_LH+L2_HH+L3_LL",
  "window": 10,
  "offsets": {
    "2": 0.19919462866667426,
    "3": 0.17198092097409545,
    "4": 0.14403452767093233,
    "5": 0.1423608579750308,
    "6": 0.12644375018233742,
    "7": 0.11519199510327108,
    "8": 0.10432118448756583,
    "9": 0.10675813195965472,
    "10": 0.09726098971279454,
    "11": 0.08431454635896801,
    "12": 0.06935628877199612,
    "13": 0.05911709716062716,
    "14": 0.07615986610729367,
    "15": 0.050883033658321836,
    "16": 0.06791835933666462,
    "17": 0.06708948265363728,
    "18": 0.07112752821660971,
    "19": 0.0675570817053787,
    "20": 0.06556165861467926,
    "21": 0.057899803934149036,
    "22": 0.030280610132992214,
    "23": 0.025929605848708723,
    "24": 0.022790512651076067,
    "25": 0.019872814507417375,
    "26": 0.017321197734270072,
    "27": 0.016139898435107977,
    "28": 0.014902942387563387,
    "29": 0.014001772941646048,
    "30": 0.01326403954134553
  }
}