{
  "band": "L2_LH+L2_HH+L3_LL",
  "window": 10,
  "offsets": {
    "2": -0.1255552127437009,
    "3": -0.08969910351085897,
    "4": -0.060280019726767775,
    "5": -0.04899439354659785,
    "6": -0.04016711771254336,
    "7": -0.029209297285458458,
    "8": -0.020838366605475778,
    "9": -0.014152969311302693,
    "10": -0.010514015624451062,
    "11": 0.0015703534291636456,
    "12": 0.009165677894001523,
    "13": 0.01018335466922049,
    "14": 0.005564905882388713,
    "15": 0.004941100251940528,
    "16": 0.004779269953044715,
    "17": 0.002665575206840784,
    "18": 0.0009172683085640343,
    "19": 0.0012957898378691823,
    "20": 0.002011391150781902,
    "21": 0.0024904377060300242,
    "22": 0.0031189495064634504,
    "23": 0.0023776661053544895,
    "24": 0.002647162526993714,
    "25": 0.0028983475196249497,
    "26": 0.003106463393141197,
    "27": 0.001861904832061452,
    "28": 0.0013132733574238442,
    "29": -0.00015813869709015854,
    "30": -0.0011720940208384961
  }
}