{
  "band": "L2_LH+L2_HH+L3_LL",
  "window": 10,
  "offsets": {
    "2": -0.3758108103775336,
    "3": -0.2855112221353089,
    "4": -0.16761086354260712,
    "5": -0.12856499407575572,
    "6": -0.11033106884288668,
    "7": -0.09959001278878676,
    "8": -0.09034468003225582,
    "9": -0.0800547345599435,
    "10": -0.07174349359787491,
    "11": -0.11906397559177301,
    "12": -0.10137873809967085,
    "13": -0.08658461438791304,
    "14": -0.07427887581880838,
    "15": -0.06418540708093809,
    "16": -0.055062722699068894,
    "17": -0.04695314320735686,
    "18": -0.04194483914364158,
    "19": -0.0384290282465409,
    "20": -0.03727216513055295,
    "21": -0.04474147310099087,
    "22": -0.05044278082183071,
    "23": -0.05376920193014571,
    "24": -0.05541551462162124,
    "25": -0.0554903095286893,
    "26": -0.05423807100113617,
    "27": -0.05214600020731617,
    "28": -0.049450071884462404,
    "29": -0.046658016068816394,
    "30": -0.044240848564831306
  }
}